<?xml version="1.0"?><data>
    <imgs>        <img originale="demo/images/Asie03.jpg" originaleX="1024" originaleY="768" icone="demo/icones/Asie03.png" iconeX="128" iconeY="96" />        <img originale="demo/images/Automne01.jpg" originaleX="1024" originaleY="768" icone="demo/icones/Automne01.png" iconeX="128" iconeY="96" />        <img originale="demo/images/Automne04.jpg" originaleX="1024" originaleY="768" icone="demo/icones/Automne04.png" iconeX="128" iconeY="96" />        <img originale="demo/images/Automne07.jpg" originaleX="1024" originaleY="768" icone="demo/icones/Automne07.png" iconeX="128" iconeY="96" />        <img originale="demo/images/Bali01.jpg" originaleX="1024" originaleY="768" icone="demo/icones/Bali01.png" iconeX="128" iconeY="96" />        <img originale="demo/images/Cascades05.jpg" originaleX="1024" originaleY="768" icone="demo/icones/Cascades05.png" iconeX="128" iconeY="96" />        <img originale="demo/images/CielsEtTerres01.jpg" originaleX="1024" originaleY="768" icone="demo/icones/CielsEtTerres01.png" iconeX="128" iconeY="96" />        <img originale="demo/images/CouchersDeSoleil03.jpg" originaleX="1024" originaleY="768" icone="demo/icones/CouchersDeSoleil03.png" iconeX="128" iconeY="96" />        <img originale="demo/images/CouchersDeSoleil10.jpg" originaleX="1024" originaleY="768" icone="demo/icones/CouchersDeSoleil10.png" iconeX="128" iconeY="96" />        <img originale="demo/images/CouchersDeSoleil13.jpg" originaleX="1024" originaleY="768" icone="demo/icones/CouchersDeSoleil13.png" iconeX="128" iconeY="96" />        <img originale="demo/images/Desert11.jpg" originaleX="1024" originaleY="768" icone="demo/icones/Desert11.png" iconeX="128" iconeY="96" />        <img originale="demo/images/FalaiseDansLesNuages.jpg" originaleX="1024" originaleY="768" icone="demo/icones/FalaiseDansLesNuages.png" iconeX="128" iconeY="96" />        <img originale="demo/images/Fleur03.jpg" originaleX="1024" originaleY="768" icone="demo/icones/Fleur03.png" iconeX="128" iconeY="96" />        <img originale="demo/images/Fleuve01.jpg" originaleX="1024" originaleY="768" icone="demo/icones/Fleuve01.png" iconeX="128" iconeY="96" />        <img originale="demo/images/Foret02.jpg" originaleX="1024" originaleY="768" icone="demo/icones/Foret02.png" iconeX="128" iconeY="96" />        <img originale="demo/images/Foret07.jpg" originaleX="1024" originaleY="768" icone="demo/icones/Foret07.png" iconeX="128" iconeY="96" />        <img originale="demo/images/Foret13.jpg" originaleX="1024" originaleY="768" icone="demo/icones/Foret13.png" iconeX="128" iconeY="96" />        <img originale="demo/images/Foudre13.jpg" originaleX="1024" originaleY="768" icone="demo/icones/Foudre13.png" iconeX="128" iconeY="96" />        <img originale="demo/images/Golf03.jpg" originaleX="1024" originaleY="768" icone="demo/icones/Golf03.png" iconeX="128" iconeY="96" />        <img originale="demo/images/Iceberg01.jpg" originaleX="1024" originaleY="768" icone="demo/icones/Iceberg01.png" iconeX="128" iconeY="96" />        <img originale="demo/images/IleReunion01.jpg" originaleX="1024" originaleY="768" icone="demo/icones/IleReunion01.png" iconeX="128" iconeY="96" />        <img originale="demo/images/Montagnes03.jpg" originaleX="1024" originaleY="768" icone="demo/icones/Montagnes03.png" iconeX="128" iconeY="96" />        <img originale="demo/images/Montagnes06.jpg" originaleX="1024" originaleY="768" icone="demo/icones/Montagnes06.png" iconeX="128" iconeY="96" />        <img originale="demo/images/Palmiers03.jpg" originaleX="1024" originaleY="768" icone="demo/icones/Palmiers03.png" iconeX="128" iconeY="96" />        <img originale="demo/images/Paysages06.jpg" originaleX="1024" originaleY="768" icone="demo/icones/Paysages06.png" iconeX="128" iconeY="96" />        <img originale="demo/images/Plage16.jpg" originaleX="1024" originaleY="768" icone="demo/icones/Plage16.png" iconeX="128" iconeY="96" />        <img originale="demo/images/Ruisseau03.jpg" originaleX="1024" originaleY="768" icone="demo/icones/Ruisseau03.png" iconeX="128" iconeY="96" />    </imgs>
    <zip filepath="demo/photos.zip" /><!-- le noeud zip est optionnel --></data>